{
  "geopotential": {
    "mean": [
      735.4802856445312,
      7008.54052734375,
      13739.365234375,
      28909.291015625,
      40620.98046875,
      54080.1640625,
      69936.171875,
      89359.640625,
      101163.9453125,
      115267.96875,
      133078.828125,
      157582.75,
      199317.4375
    ],
    "std": [
      1070.2523193359375,
      1227.966552734375,
      1470.783935546875,
      2140.8017578125,
      2704.57763671875,
      3365.274169921875,
      4166.20263671875,
      5110.75048828125,
      5557.29931640625,
      5843.56591796875,
      5852.9580078125,
      5551.29052734375,
      5938.69580078125
    ]
  },
  "specific_humidity": {
    "mean": [
      0.006978566292673349,
      0.005989035125821829,
      0.004542957991361618,
      0.0024150353856384754,
      0.0015315711498260498,
      0.0008475648355670273,
      0.0003830856585409492,
      0.00012654908641707152,
      5.735316517530009e-05,
      1.9280001652077772e-05,
      5.233091997070005e-06,
      2.631731831570505e-06,
      2.6770060230774106e-06
    ],
    "std": [
      0.005899250507354736,
      0.005047513172030449,
      0.004068009555339813,
      0.0025094470474869013,
      0.0017398021882399917,
      0.0010584008414298296,
      0.0004971386515535414,
      0.00016475733718834817,
      7.268267654580995e-05,
      2.222134207841009e-05,
      3.739403609870351e-06,
      1e-06,
      1e-06
    ]
  },
  "temperature": {
    "mean": [
      280.79150390625,
      277.1488952636719,
      274.3542785644531,
      267.19281005859375,
      260.9790344238281,
      252.8048095703125,
      242.00155639648438,
      228.76153564453125,
      222.7024688720703,
      218.0376434326172,
      213.33023071289062,
      208.4423370361328,
      212.4773712158203
    ],
    "std": [
      17.246261596679688,
      16.196226119995117,
      15.709362030029297,
      14.913512229919434,
      13.483563423156738,
      13.114137649536133,
      12.730881690979004,
      10.746777534484863,
      8.558876991271973,
      7.237750053405762,
      8.966724395751953,
      12.553632736206055,
      10.350653648376465
    ]
  },
  "u_component_of_wind": {
    "mean": [
      -0.03442288190126419,
      0.6109814047813416,
      1.4057174921035767,
      3.316899538040161,
      4.774174213409424,
      6.5105767250061035,
      8.747802734375,
      11.709456443786621,
      13.24142074584961,
      14.097694396972656,
      13.434928894042969,
      10.2013578414917,
      5.61448860168457
    ],
    "std": [
      6.030880451202393,
      7.803160667419434,
      8.058097839355469,
      9.066207885742188,
      10.243861198425293,
      11.885116577148438,
      14.223621368408203,
      16.9981689453125,
      17.863479614257812,
      17.599157333374023,
      15.989448547363281,
      13.484498977661133,
      15.241178512573242
    ]
  },
  "v_component_of_wind": {
    "mean": [
      0.18586066365242004,
      0.20433367788791656,
      0.14231978356838226,
      0.021296577528119087,
      -0.026193222030997276,
      -0.023529546335339546,
      -0.01763875223696232,
      -0.022882889956235886,
      -0.02963709831237793,
      -0.04471353441476822,
      -0.03664807602763176,
      0.014030873775482178,
      0.004213693086057901
    ],
    "std": [
      5.207696437835693,
      6.356872081756592,
      6.158541679382324,
      6.788506984710693,
      7.733702182769775,
      9.104787826538086,
      11.134995460510254,
      13.235918998718262,
      13.279133796691895,
      11.793985366821289,
      9.505967140197754,
      7.43835973739624,
      7.05224084854126
    ]
  },
  "10m_u_component_of_wind": {
    "mean": -0.05217086896300316,
    "std": 5.444643497467041
  },
  "10m_v_component_of_wind": {
    "mean": 0.18821361660957336,
    "std": 4.672748565673828
  },
  "2m_temperature": {
    "mean": 278.20849609375,
    "std": 21.4322452545166
  },
  "mean_sea_level_pressure": {
    "mean": 100958.6796875,
    "std": 1328.68994140625
  },
  "total_precipitation_6hr": {
    "mean": 0.0005954931839369237,
    "std": 0.0016620565438643098
  }
}